2025-12-01_18-58-36,100,draft.py:2025-12-01_18-58-36
2025-12-01_18-58-48,100,draft.py:2025-12-01_18-58-36
2025-12-01_19-07-34,100,draft.py:2025-12-01_18-58-36
2025-12-01_19-07-40,---,draft.py:2025-12-01_18-58-36
2025-12-01_19-34-41,---,draft.py:2025-12-01_19-34-41
2025-12-02_02-39-17,100,draft.py:2025-12-02_02-39-17
2025-12-02_02-39-19,100,draft.py:2025-12-02_02-39-17
2025-12-02_02-58-19,0,draft.py:2025-12-02_02-58-19
2025-12-02_02-58-19,0,draft.py:2025-12-02_02-58-19
2025-12-02_02-58-35,0,draft.py:2025-12-02_02-58-35
2025-12-02_02-58-49,0,draft.py:2025-12-02_02-58-49
2025-12-02_02-59-04,0,draft.py:2025-12-02_02-59-04
2025-12-02_02-59-18,0,draft.py:2025-12-02_02-59-18
2025-12-02_02-59-27,100,draft.py:2025-12-02_02-59-27
2025-12-02_02-59-30,100,draft.py:2025-12-02_02-59-27
2025-12-02_02-59-31,100,draft.py:2025-12-02_02-59-27
2025-12-02_03-00-18,100,draft.py:2025-12-02_02-59-27
2025-12-02_03-00-19,100,draft.py:2025-12-02_02-59-27
2025-12-02_03-00-19,100,draft.py:2025-12-02_02-59-27
2025-12-02_03-00-19,100,draft.py:2025-12-02_02-59-27
2025-12-02_03-00-30,0,draft.py:2025-12-02_03-00-30
2025-12-02_03-01-49,100,draft.py:2025-12-02_03-01-49
2025-12-02_03-04-51,0,draft.py:2025-12-02_03-04-51
2025-12-02_03-05-11,0,draft.py:2025-12-02_03-05-11
2025-12-02_03-05-17,0,draft.py:2025-12-02_03-05-17
2025-12-02_03-05-33,0,draft.py:2025-12-02_03-05-33
2025-12-02_03-05-50,0,draft.py:2025-12-02_03-05-33
