2025-12-02_18-44-14,100,draft.py:2025-12-02_18-44-14
2025-12-02_18-44-21,---,draft.py:2025-12-02_18-44-14
2025-12-02_19-14-24,0,draft.py:2025-12-02_19-14-24
2025-12-02_19-14-27,0,draft.py:2025-12-02_19-14-24
2025-12-02_19-32-18,0,draft.py:2025-12-02_19-32-18
2025-12-02_19-33-46,0,draft.py:2025-12-02_19-33-46
2025-12-02_19-39-29,0,draft.py:2025-12-02_19-39-29
2025-12-02_19-56-11,0,draft.py:2025-12-02_19-56-11
2025-12-02_19-56-12,0,draft.py:2025-12-02_19-56-11
2025-12-02_19-56-25,0,draft.py:2025-12-02_19-56-11
2025-12-02_19-56-26,0,draft.py:2025-12-02_19-56-11
2025-12-09_01-03-42,0,draft.py:2025-12-02_19-56-11
2025-12-09_01-18-41,0,draft.py:2025-12-02_19-56-11
2025-12-09_01-19-30,100,draft.py:2025-12-09_01-19-30
2025-12-09_01-19-31,100,draft.py:2025-12-09_01-19-30
2025-12-09_01-19-32,100,draft.py:2025-12-09_01-19-30
2025-12-09_01-19-44,100,draft.py:2025-12-09_01-19-44
2025-12-09_01-19-45,100,draft.py:2025-12-09_01-19-44
2025-12-09_01-19-47,100,draft.py:2025-12-09_01-19-44
2025-12-09_01-19-58,100,draft.py:2025-12-09_01-19-44
2025-12-09_01-20-10,100,draft.py:2025-12-09_01-19-44
2025-12-09_01-20-11,100,draft.py:2025-12-09_01-19-44
2025-12-09_01-20-16,100,draft.py:2025-12-09_01-19-44
2025-12-09_01-31-42,100,draft.py:2025-12-09_01-19-44
2025-12-09_01-31-50,100,draft.py:2025-12-09_01-19-44
2025-12-09_01-32-02,0,draft.py:2025-12-09_01-32-02
2025-12-09_01-32-08,0,draft.py:2025-12-09_01-32-02
2025-12-09_01-32-09,0,draft.py:2025-12-09_01-32-02
2025-12-09_01-32-09,0,draft.py:2025-12-09_01-32-02
2025-12-09_01-32-21,100,draft.py:2025-12-09_01-32-21
2025-12-09_01-32-38,100,draft.py:2025-12-09_01-32-21
2025-12-09_01-32-38,100,draft.py:2025-12-09_01-32-38
2025-12-09_01-32-42,100,draft.py:2025-12-09_01-32-42
2025-12-09_01-32-43,100,draft.py:2025-12-09_01-32-42
2025-12-09_01-32-44,100,draft.py:2025-12-09_01-32-42
2025-12-09_01-32-45,100,draft.py:2025-12-09_01-32-42
2025-12-09_01-32-46,100,draft.py:2025-12-09_01-32-42
2025-12-09_01-32-47,100,draft.py:2025-12-09_01-32-42
2025-12-09_01-32-48,100,draft.py:2025-12-09_01-32-42
2025-12-09_01-32-48,100,draft.py:2025-12-09_01-32-42
2025-12-09_01-32-49,100,draft.py:2025-12-09_01-32-42
2025-12-09_01-32-52,100,draft.py:2025-12-09_01-32-42
2025-12-09_01-48-11,100,draft.py:2025-12-09_01-32-42
2025-12-09_01-48-27,100,draft.py:2025-12-09_01-48-27
2025-12-09_01-48-33,100,draft.py:2025-12-09_01-48-27
2025-12-09_01-48-38,100,draft.py:2025-12-09_01-48-27
2025-12-09_01-48-38,100,draft.py:2025-12-09_01-48-27
2025-12-09_02-00-00,100,draft.py:2025-12-09_01-48-27
2025-12-09_02-00-26,100,draft.py:2025-12-09_02-00-26
2025-12-09_02-00-27,100,draft.py:2025-12-09_02-00-26
2025-12-09_02-00-28,100,draft.py:2025-12-09_02-00-26
2025-12-09_02-00-29,100,draft.py:2025-12-09_02-00-26
2025-12-09_02-00-29,100,draft.py:2025-12-09_02-00-26
2025-12-09_02-00-30,100,draft.py:2025-12-09_02-00-26
2025-12-09_02-06-01,100,draft.py:2025-12-09_02-00-26
2025-12-09_02-06-18,0,draft.py:2025-12-09_02-06-18
2025-12-09_02-06-32,0,draft.py:2025-12-09_02-06-32
2025-12-09_02-06-34,0,draft.py:2025-12-09_02-06-32
2025-12-09_02-06-57,0,draft.py:2025-12-09_02-06-57
2025-12-09_02-06-58,0,draft.py:2025-12-09_02-06-57
2025-12-09_02-07-36,0,draft.py:2025-12-09_02-06-57
2025-12-09_02-08-15,0,draft.py:2025-12-09_02-08-15
2025-12-09_02-08-16,0,draft.py:2025-12-09_02-08-15
2025-12-09_02-08-21,0,draft.py:2025-12-09_02-08-15
2025-12-09_02-10-20,0,draft.py:2025-12-09_02-10-20
2025-12-09_02-10-21,0,draft.py:2025-12-09_02-10-20
2025-12-09_02-10-26,0,draft.py:2025-12-09_02-10-20
2025-12-09_02-10-32,0,draft.py:2025-12-09_02-10-20
2025-12-09_02-22-53,0,draft.py:2025-12-09_02-10-20
2025-12-09_02-22-54,0,draft.py:2025-12-09_02-10-20
2025-12-09_02-22-55,0,draft.py:2025-12-09_02-10-20
